id,name,email,password,role,phone_number,address
1,Prabu Kurniawan,161yahya10@example.com,$2b$10$8f9qnE/MDTxozlDyBz1J9Oqa.G4fxjd.NLo1vuibzFF8ebN7PEL5O,consumer,+62-026-649-5706,"Gg. Surapati No. 709, Depok, SN 88281"
2,Daru Firgantoro,361ysihotang@example.org,$2b$10$foC14noTqXMIrBteMIy6qeA1RGr6ymBNtEfvcX0eWADM00K33QyCS,consumer,+62 (079) 168-2702,"Gang Cikutra Barat No. 067, Bandar Lampung, GO 43086"
3,Padmi Latupono,128bsuryatmi@example.com,$2b$10$b2np.gmihNdQT42HmcSGxu3jz/H2cTqambDBmH.FnKmYeWjYSF0n2,consumer,+62 (0095) 364 7837,"Jalan Ronggowarsito No. 745, Salatiga, Kalimantan Tengah 64254"
4,Gaman Nurdiyanti,237xhutagalung@example.org,$2b$10$qyVOSWl4Kuez3scTneext.Gdp9VPIjnYZthgz.lmiYZYDi2Zo/F.e,consumer,(0420) 224 3318,"Gang Sukajadi No. 1, Balikpapan, KB 15260"
5,"Ir. Nrima Sitompul, S.Kom",783tarihoranrahmi@example.com,$2b$10$ToRn1JQDUx5CwVPWVioyGubupUfFBEkGR02sv7BsQDiwoH2CaZLgu,consumer,+62 (952) 790 4430,"Gang H.J Maemunah No. 76, Singkawang, Sulawesi Tengah 38076"
6,"H. Maryadi Budiman, S.T.",508alika93@example.net,$2b$10$eQhMXVOEAzheb11fAA6gw.Q..yY18DVM7h2q9OI8kshIrkg3UAPrq,consumer,0855426723,"Jalan PHH. Mustofa No. 31, Lhokseumawe, Kalimantan Tengah 64332"
7,Dina Zulaika,378ida03@example.org,$2b$10$gwlOQkkb.GCr5Oeoolp95e9XHkDcCod3CYGFPWe3lGdKs.wHPlhSC,consumer,+62 (461) 813 6490,"Gang Lembong No. 9, Pekanbaru, KB 14240"
8,"dr. Cemplunk Laksita, S.I.Kom",767koko55@example.com,$2b$10$QiJC0/7mSfuF3PsqDHmIT.S4F.Z.9V8ejLu.tzKfKki5.WMHRkRoe,consumer,+62 (783) 543 2256,"Gg. Soekarno Hatta No. 98, Purwokerto, Bengkulu 80500"
9,Aurora Nainggolan,269jindraputra@example.com,$2b$10$4lumzt8XXi/.HY/bTHqZ9.BEs3OlF/xrjQl.ZMxGmwsirUzesl03q,consumer,+62 (0216) 791 0039,"Gang M.T Haryono No. 302, Malang, NT 87870"
10,Fitriani Dabukke,269xwidodo@example.org,$2b$10$6ZPQOUzzZ3UdMGbtmaVa5uRXWc21yQHPFZ.0Gp91BJAeRONd9KUOm,consumer,(0287) 776-8586,"Jalan H.J Maemunah No. 8, Pasuruan, Sulawesi Barat 52646"
11,"Satya Farida, S.Ked",17respati74@example.net,$2b$10$lbUaSjxcVscT/QPK6i7dJ.Ha6.MvY2TaxafyywyxH61JEfAte5hE2,consumer,+62 (050) 309 5625,"Jalan Ahmad Dahlan No. 6, Surakarta, KI 06912"
12,Wardi Rahayu,171ira00@example.com,$2b$10$SW6qJO7D7EaFLPQ0lXA0huiNK1CEAat1OFp/laXt.Rg9KUdW8aLd.,consumer,(058) 218 0648,"Gang Dipatiukur No. 471, Lhokseumawe, Bengkulu 56085"
13,Dt. Cakrawangsa Mandasari,822lsiregar@example.org,$2b$10$oZmCwgIJ/C0qsL9ExCcUXeTCHKj3MZl6pjE2Za3zT5VEOsZHoQbEa,consumer,+62 (834) 379 4944,"Gang Asia Afrika No. 48, Tegal, NB 77131"
14,Intan Narpati,515vivi02@example.com,$2b$10$JLBgdLq4yMd3AzUZcK.Z5uSlPg6qVSQSmPaqNVa02bIkGsZj75zOC,consumer,+62 (0059) 580 6989,"Jl. Suniaraja No. 7, Tanjungbalai, NB 52694"
15,Jarwadi Prakasa,827among37@example.com,$2b$10$AGyw2aZC7cQGvLPzFmV2We3KBBxF9XoNpB4u/5EQhKRDQzVc2x08a,consumer,(046) 390-8294,"Jl. Gardujati No. 1, Gorontalo, KU 60037"
16,R. Endra Prastuti,463gmaryati@example.org,$2b$10$PnLslHZyuNS5lgoFtAWfxOUk.ZpmQiQ6Sr0BlaXNOhylL2Q6Bv4gG,consumer,+62 (097) 157-0265,"Jl. Jakarta No. 61, Binjai, BA 76153"
17,Wira Hastuti,628kembaputra@example.net,$2b$10$bKlYE3D/ayv4w1MfZfIf7uE5q/ZBhdWrR08JD9bX59ZjfaomSIdYS,consumer,+62 (0588) 377 8667,"Jl. Rawamangun No. 2, Depok, Sulawesi Utara 23158"
18,Eka Wacana,974waskitataswir@example.net,$2b$10$Exfn05ybFox45sar.7VKCO1.Hc/KBdhAERyh7DaE8B1WkxKdrB/AS,consumer,(098) 812 7568,"Gg. Kiaracondong No. 13, Tangerang, JT 56743"
19,Mala Wijayanti,988mpertiwi@example.com,$2b$10$lanawDf4ULomxeYcPzx7oO7E35Bbn6rhOv83juTSMFRy2PTFMZnKK,consumer,080 190 6466,"Jl. Sukajadi No. 3, Tanjungpinang, JB 07634"
20,Drs. Adikara Anggriawan,269juli91@example.net,$2b$10$v3Szz9el0tw7.ZncVOg/t.yOcV0qlvsHriCsFs6LwL0c0VbJNOuxC,consumer,0849672356,"Jl. Bangka Raya No. 85, Palopo, Bali 83254"
21,"Puti Zulfa Rahmawati, M.Kom.",260lamar05@example.org,$2b$10$fYMT1yXH3dEJDAn4rCYAl.DHhWSbAoLHkgrWzd4ytksj28kieigV6,consumer,+62 (004) 193 2026,"Jalan Indragiri No. 7, Cimahi, DI Yogyakarta 48234"
22,Rudi Prayoga,963ysuwarno@example.org,$2b$10$q94ml1pudsg0KqX7NDWJl.EIz/JOq70fYEom6G1ED7SOkUdcHVF7y,consumer,+62 (894) 166 5332,"Gg. Moch. Ramdan No. 114, Pasuruan, JA 48357"
23,"R. Lukman Rahayu, S.Psi",730siraitella@example.org,$2b$10$VydtTIG0C7LsaohO2Ugf3e2raAiZc7vYq0yUt8gMZvfYKSfSGV5fG,consumer,(0451) 300-7008,"Jl. Gardujati No. 34, Manado, Lampung 08352"
24,Dinda Thamrin,846wijayaemas@example.org,$2b$10$du3xIHGoD/rXjKJ3n5vZwur7jhgFWz7T8ZHgQSV1SYkU68oAStYCy,consumer,+62 (021) 654 2883,"Jalan Ciwastra No. 51, Kendari, Kalimantan Utara 42164"
25,Tgk. Clara Hutagalung,934upik19@example.org,$2b$10$hkw04FgEo155.cMUqkliaeB.TnzLAyib6.jWjed/7fzJzcigFmrb6,consumer,+62 (42) 567-9441,"Jalan Astana Anyar No. 444, Cimahi, Kalimantan Tengah 75608"
26,Vanesa Yolanda,423wwidiastuti@example.net,$2b$10$qi4cJL75iBnpAIhFuVMLQefmh0DHtGaER3Ikkp7hucZbVezhMHZ9O,consumer,+62 (488) 355 5010,"Gang Moch. Ramdan No. 57, Mataram, Sulawesi Tengah 32783"
27,Paulin Lestari,18gina07@example.org,$2b$10$xPw7vzRbSLkzh9qeREepIeT0p.yHXqREMZmwNG.FoXRGUaNBB5Fsa,consumer,+62 (0129) 290 1224,"Jalan Astana Anyar No. 688, Serang, Kepulauan Bangka Belitung 26029"
28,Niyaga Zulkarnain,854lulutmayasari@example.net,$2b$10$FbpiTXWDJzy0MyXLA27vvO6DTQsF87LhmRSL9VdfkyCX1sXU3J0IG,consumer,+62 (098) 251 2062,"Jalan HOS. Cokroaminoto No. 597, Surabaya, PB 46757"
29,Irsad Wulandari,364widodosaadat@example.net,$2b$10$rEQqB1Apuy2PLVTGwy6cCeYnm.tNEVLjX2CbvjON1Jav6XiS5leym,consumer,+62-74-623-7936,"Jalan Jakarta No. 12, Surabaya, Bengkulu 52132"
30,"Amelia Oktaviani, S.Kom",756jwahyuni@example.com,$2b$10$ZaPR8yx1u00Yf9/C/EKq/euLoKYqSC85LXKfftvMMgKOT2a7wbxV.,consumer,085 659 6197,"Jalan Tubagus Ismail No. 498, Pariaman, Bengkulu 23111"
31,Carla Anggriawan,521dmandala@example.org,$2b$10$wEaEkwVGazLkHrymR5Hji.q8lgcAA9mlnxd7MrwhdCAZ8myUqdeTK,consumer,+62-663-751-4746,"Gang Monginsidi No. 54, Kota Administrasi Jakarta Timur, Banten 82203"
32,"H. Rizki Suartini, S.E.I",787jaya37@example.com,$2b$10$xNCwbf1MLEmAY5lShCg/hekdD6X30M/aWwUOVE.Gf4KaYf1C1W6GS,consumer,+62 (20) 543 8419,"Gg. Ahmad Dahlan No. 369, Probolinggo, SG 43634"
33,Opung Suartini,401taufik05@example.org,$2b$10$/auC4U3SDMGNO8GuF99.duLuhnK1zyHMuX14xlg8toNypWj7sJMoG,consumer,(053) 550 6633,"Gang Joyoboyo No. 7, Semarang, SS 12964"
34,"drg. Wisnu Hutagalung, M.Pd",888cici09@example.com,$2b$10$aTANyKqfo.S/80ufcZe7n.MTNl3w/mmFM8lqK9MpRLNJX6Se2j7Iy,consumer,+62 (0939) 759-1198,"Gang Kebonjati No. 3, Ternate, Sumatera Utara 40146"
35,"Tgk. Gabriella Prastuti, M.M.",313martaka75@example.com,$2b$10$tV57qqrqHKyq65HnBg8XWeKjazcYNB6Ujb1XPX7N5wietSwsTxFjq,consumer,+62 (222) 319 5674,"Gang W.R. Supratman No. 844, Surakarta, Maluku 39206"
36,"Hj. Carla Wijayanti, S.IP",740uwaisnardi@example.org,$2b$10$/OLrNgqIn33afqsidLP4W.TzKoaljqZqCR4DzrQl7IwrZSYcBz6f.,consumer,+62-038-824-6052,"Jl. Wonoayu No. 98, Lubuklinggau, RI 44976"
37,"Lalita Suwarno, S.Psi",615suci82@example.net,$2b$10$/o5Epk.y0DUFu1fnRuZuruAqye2CDmrMjiA.9OhS.6tw1CuPlJ.5W,consumer,(0630) 502 4202,"Jl. Cikapayang No. 10, Prabumulih, Sumatera Selatan 52881"
38,"Hj. Siti Yolanda, S.Farm",38ousada@example.net,$2b$10$gxZsEqDJt8FmFpdVuSU01.jvM33II7PF7qTPtRRy/J5lSOmzUwEA6,consumer,+62-0543-838-4966,"Gg. Surapati No. 537, Padang, BT 38945"
39,Ihsan Permata,127yanggriawan@example.net,$2b$10$jpYmRoHUChZ2VRLqTqT68OYwkQs/67G9gmsiaoEDAGT15TP/uvL4i,consumer,+62 (699) 365 8485,"Jalan Kutisari Selatan No. 3, Malang, BB 51152"
40,Ani Prabowo,630yuliantilegawa@example.net,$2b$10$EFz0cQGcQxnVexHKO1wjf.e7.jvi7AFMegCRwJpcUCj1hlfD9gyWS,consumer,087 780 9167,"Jl. Setiabudhi No. 52, Lhokseumawe, JK 60745"
41,Jaya Uwais,952hasna47@example.org,$2b$10$.zjXnHqIeOd1AbaEMoJP1.PyoTaN6UDJ3DUmMfFhf0akgc3cVtcu6,consumer,+62 (49) 608 7996,"Jalan Erlangga No. 576, Bandar Lampung, Papua 81826"
42,"Rini Maryadi, S.Pd",458lpertiwi@example.org,$2b$10$hYk93UWZsSCaq13HzNOTi.q/YM1gbRTNlrpoqPI/Qg9kFse.q0olG,consumer,(0221) 552-9425,"Jl. Sukabumi No. 557, Sawahlunto, Maluku Utara 60997"
43,Ikin Iswahyudi,710trahmawati@example.net,$2b$10$iIiRRrxEVMeobBXaCcFPJuKXeXCX4aswlNW4ncBcQYpE/RZoFujDq,consumer,+62 (69) 884-9693,"Gang Setiabudhi No. 1, Batam, PA 34484"
44,Empluk Palastri,839najibnuraini@example.net,$2b$10$tkcpQiIfEEHMEY7HiRo0oOVbhBR4Oa5mQOlZdm2UB8ysseRgwXmbi,consumer,+62 (038) 409-4342,"Gg. Soekarno Hatta No. 399, Surakarta, DKI Jakarta 96384"
45,Mutia Mustofa,333hutasoitolivia@example.net,$2b$10$BKPIrrYeRgJxnLOIZ1WXeu68svEfzvSpA.yPbZzqJvsipfWyNlnrW,consumer,+62 (0282) 316 2239,"Gang Suryakencana No. 48, Tegal, Papua Barat 85878"
46,Mala Hasanah,580utamaprima@example.com,$2b$10$Rn0jMIwQX8zgE9q31ToAlebg8zgc0M3aprazgSTgR8lzLC9YZxvay,consumer,(0453) 005-7855,"Jalan Veteran No. 18, Kotamobagu, MU 35748"
47,"Gamanto Halimah, M.Farm",777situmorangmarsudi@example.org,$2b$10$Ir0gZY4KoiSnjf8DiOI60.fSwyBBy6ewCJVhbcCqMmDkj9iTmVeUS,consumer,0887926396,"Gang BKR No. 63, Bima, Jawa Timur 67548"
48,Virman Permata,63bancarhakim@example.net,$2b$10$/E4dqJcQzLZjLbG9gtf5t.SY24HeuFjpHq3YyFuWXa8h4oUdW2M76,consumer,+62 (52) 410 0195,"Gang Kebonjati No. 075, Malang, Papua Barat 87233"
49,"Vivi Napitupulu, S.Pt",265tsuwarno@example.net,$2b$10$7y1Z7WgccVtKB8HA3gLQGuNXWfJmOLtZ0MTx8AcqNLRi13DNQr/4i,consumer,+62-080-054-8158,"Jl. Kiaracondong No. 90, Pekanbaru, MA 95717"
50,Ophelia Wahyudin,486eusamah@example.net,$2b$10$A97PA3O8T8X27dFzK1Y07ePnLWtQRRoafjC2TzzY.7ZHrO1D2dUoy,consumer,+62-0306-120-2971,"Gg. Ahmad Dahlan No. 2, Bandung, Jambi 81942"
51,Natalia Prakasa,814psaptono@example.net,$2b$10$2At0tYkzhmyIPZBOH8Geg.VZrNeNcxclygDRuOBGVQI/bSio3xLWe,consumer,0840798030,"Gg. Cihampelas No. 716, Meulaboh, Kalimantan Timur 80570"
52,"Kairav Sinaga, S.Pt",638cahyonosaptono@example.net,$2b$10$c1P5OXsaDEtgMkXZmMK2zOkqKrWZN/UVGSRBtO0jwT3YWexpeMwwK,consumer,+62 (070) 999-5534,"Gang W.R. Supratman No. 72, Payakumbuh, AC 27395"
53,"Edi Hariyah, M.Pd",515gkuswandari@example.com,$2b$10$YvhQORFo64HEevFgXvnHBeC5C1LM1i9rZymhRXVe5xPtmESJADOJS,consumer,0881704056,"Gang Dr. Djunjunan No. 04, Kota Administrasi Jakarta Selatan, Jawa Tengah 26534"
54,"Ir. Salwa Rajasa, S.E.I",968fujiaticemeti@example.net,$2b$10$9qHcNw.GJ07BU4dYo5FuI.seB6o2KON4v2Vw.SOVT6q4AE.2cqmFm,consumer,(072) 162-2603,"Jalan Cihampelas No. 11, Kota Administrasi Jakarta Barat, Jawa Barat 69223"
55,Vinsen Marbun,613reza43@example.org,$2b$10$H3uYJ3zbvsSRMeqRQnEQW.r2UE6QtFDVFYyvhF0fgAIdiraGQCO1u,consumer,+62 (0513) 035 6784,"Gg. Jend. A. Yani No. 989, Kota Administrasi Jakarta Selatan, Sulawesi Utara 91284"
56,"Hilda Laksita, M.TI.",317vsitompul@example.com,$2b$10$vMb9JqoDFgZIHijOqv1NX.WZ5KxpQD03U1nC0HhcxTqZw6wPNv7b6,consumer,(0309) 362-5093,"Gg. Rajawali Timur No. 1, Probolinggo, Bali 99611"
57,"Elma Natsir, M.Ak",518narpatikani@example.com,$2b$10$eMNnmTz06VGvWTLV8XPMK.m9FU/Ev7JZS3n0CvDJYKrnYPlQWY69q,consumer,+62-120-637-7695,"Gg. R.E Martadinata No. 116, Tangerang Selatan, NT 22717"
58,Ilsa Widiastuti,902kairavhardiansyah@example.com,$2b$10$crTeP1OcnqFSXlGGMoiTKOd.hp9E2tK5htLUMzdBE1eAQsX/Sd5C2,consumer,+62 (0452) 197-4178,"Gang Sadang Serang No. 42, Bima, AC 55800"
59,"Dt. Mitra Kusmawati, S.I.Kom",438ganjaranadriansyah@example.org,$2b$10$LIgILg6mSezRQXbYkMPAzea.AAlB/C9jRghmc.DlYLKK/X8t9ZRZm,consumer,+62 (0922) 688-4805,"Jalan Tubagus Ismail No. 75, Cimahi, KU 75281"
60,"R. Harjaya Budiman, M.Pd",884jatmikozulaika@example.net,$2b$10$ZbNoVIJXuZ6zQk08wEJ10u22VJeeTwyfbRGIi/c4EugUSpWCC9n6y,consumer,+62-093-366-1405,"Jl. Rawamangun No. 140, Langsa, SU 17775"
61,Sabrina Waluyo,832karimanfujiati@example.net,$2b$10$WkYOcIeOUfEo/8EWyxTz0eNdZ0aVeCVvqAsWK56vGz8q.27ShfNCG,consumer,+62 (000) 533-1892,"Jalan Jayawijaya No. 6, Banjar, JB 09576"
62,Zulaikha Permadi,689bahuwiryamaheswara@example.net,$2b$10$8UoANICnoHBmf1GFKoqYqOa26dGPb8yJs066U5A.fcCX8zXzuc.MC,consumer,(097) 213 4269,"Gang Gardujati No. 00, Subulussalam, Bali 80092"
63,Ir. Zaenab Mustofa,420jaga65@example.com,$2b$10$CJVHshnBrDylmBxu.aKwUOFYXKUQ4DUnHAguGVvhADgGxDX1VevLS,consumer,+62 (0740) 704 0323,"Gg. Kutai No. 574, Kota Administrasi Jakarta Pusat, JB 09879"
64,Dirja Narpati,574umarpaung@example.org,$2b$10$YsTBpYJ6C0mEylTIvNEFC.UsJl01vXNkm.ZBAkOmu/1rp7W1GQDeO,consumer,+62-0580-011-6267,"Gg. Rawamangun No. 797, Kota Administrasi Jakarta Timur, Sumatera Barat 25720"
65,Gandewa Padmasari,913prasetyo87@example.net,$2b$10$umIsT7B8qvqnIDxeGAeOHeYedUItC3Z5vkS6B1rOaNVJq3HjSHb8y,consumer,+62-0651-681-4522,"Jalan S. Parman No. 90, Binjai, Jawa Barat 80778"
66,Daniswara Maheswara,109parisusamah@example.org,$2b$10$9LLSgmxlPvue03I6JupMQO45bhJqAs2KMe58sFXzhHk7QeV.zqo6e,consumer,+62-0976-198-7868,"Jl. Rungkut Industri No. 30, Sabang, Lampung 96794"
67,Diah Nasyidah,499indah50@example.org,$2b$10$fp9Df2wBOuO4qfec/y7iIu1slFek2tuM1Qxpjh6phOk1bZjY78adq,consumer,(0113) 668 4972,"Jl. HOS. Cokroaminoto No. 238, Batu, KR 41074"
68,Margana Permadi,602wahyuniunggul@example.org,$2b$10$o/GvrCxHCXeIKC6J4kaUde9rt7q.iiwoFCb3v.er1UIYjJcSeghcu,consumer,+62 (046) 967 9557,"Gg. Jend. Sudirman No. 412, Sibolga, ST 41054"
69,Gatot Prastuti,559firmansyahimam@example.com,$2b$10$ApXua7ArTT/kzZpA2axDfel8JAluLtIXdLaq7ks6nPZsS5yPWjEFy,consumer,+62 (23) 169-5470,"Jl. Jend. Sudirman No. 304, Kota Administrasi Jakarta Selatan, RI 04308"
70,Puti Lintang Nashiruddin,177ozywulandari@example.com,$2b$10$wFzSxfhOT6f7zdH2CpGdAehCahGKuYV7zhJg4QXVcTauGyRoDbFHO,consumer,+62-92-991-6199,"Gg. Lembong No. 2, Pariaman, Kalimantan Timur 00883"
71,Hamima Prasetya,349psalahudin@example.net,$2b$10$2/EM0fdRKYbNnMOJyabAHuU7fBuK1kCqwPhkazS5HjU119ThBo5YS,consumer,0822006049,"Jalan Dipatiukur No. 586, Samarinda, BE 61767"
72,Sakura Saefullah,680puput41@example.org,$2b$10$38LC7LhWEl4YayJofFcVzeFry9DLtKs7BOIs4REjL4ZeJGtCUU5nW,consumer,+62-685-413-7014,"Jalan R.E Martadinata No. 031, Batu, Kalimantan Selatan 50197"
73,"Cut Paramita Winarsih, S.E.I",458murtiprastuti@example.com,$2b$10$mQi1eG0kL9kRVLsR6MKpp.V8KvJck8ysT1QrD1.ZPiQmJBc7le2kG,consumer,+62 (88) 129 8083,"Jalan Soekarno Hatta No. 8, Depok, BE 49303"
74,Lamar Namaga,689ida80@example.org,$2b$10$Oy358Z4TXFc5T8DgK6btp.5Jf8G4XQqqgVUJ43dkEKY/0LeUKeuc.,consumer,+62-10-036-4944,"Gang Surapati No. 936, Lubuklinggau, KR 16549"
75,"Icha Pratama, S.I.Kom",77suwarnopurwadi@example.net,$2b$10$45g7FZKICglVDH3aDAWPWOjV9eRlC2.qPWnKrN0tgaTo.VO8ZGAwm,consumer,(0862) 128 0105,"Jl. Monginsidi No. 58, Bau-Bau, MA 15030"
76,Drs. Gamblang Nurdiyanti,581unggulsitumorang@example.com,$2b$10$uiwCZ/PJvsBPCI.rxdzu2e07as1rpMGiD30RsfXcKkFHmiYHqGbpi,consumer,(0855) 007-7428,"Jl. Sukajadi No. 97, Mojokerto, SN 75979"
77,dr. Bakianto Sitorus,920idabukke@example.org,$2b$10$wy2QqlhH4aFXFF8r/lf20.Nse51vuSEm9Dzk1lB.02cAhmZahZoHW,consumer,081 378 9603,"Jalan KH Amin Jasuta No. 208, Bima, BA 84430"
78,Teguh Purnawati,658kiandra49@example.org,$2b$10$Z/198OZAbjD9a98nfYJzTuDw5FTt.JG3yfvTdSUOzYL0TWuOMyOHS,consumer,+62 (0068) 594-6576,"Gg. Veteran No. 026, Lhokseumawe, Sulawesi Tengah 37828"
79,Sutan Hasim Pertiwi,117wulandarielvin@example.com,$2b$10$4fa7m.Vo21yAhgWq0UFtQejL.s/Rk2RJY9Ap3LoqjGJAnfEei2LZi,consumer,+62 (011) 339-8676,"Gg. Suryakencana No. 791, Semarang, PA 07574"
80,Bakti Lailasari,861mursininhutagalung@example.org,$2b$10$3Hd22QBCP4ZnB.BFIXz/suJ54QofevQ6MXnzwSaXGFNkc0rDuTedy,consumer,+62 (0821) 099-7301,"Jl. M.H Thamrin No. 61, Sibolga, Sumatera Utara 42495"
81,Laswi Mangunsong,737raihan80@example.org,$2b$10$aoaG3QqwK0xnzq0mW4dEse1ia5eky.knCGwUAfWxKWWn1WvHvv3Ca,consumer,+62-0733-046-2633,"Jl. Moch. Ramdan No. 5, Malang, DKI Jakarta 69725"
82,Vanesa Anggraini,698damumarbun@example.org,$2b$10$VOLSQxL47fblVWuD7Uj8pucEYtZI2e1Ql9/9hjctgOC5OV/.JXVc.,consumer,(019) 635-6906,"Gang Ahmad Yani No. 5, Tidore Kepulauan, Jawa Timur 04964"
83,Vera Padmasari,247mayasarimakara@example.com,$2b$10$75hesUaCOYVbOclKNDoWA.tUrF0wr1mm3YqnhrP7og14VdiDYm.G6,consumer,+62-030-611-0978,"Jl. Joyoboyo No. 1, Palu, Nusa Tenggara Barat 44918"
84,T. Wakiman Anggriawan,333humaira14@example.net,$2b$10$PZdhWMUYY7un9AHAQrZKQeDo2QqEj4jw2RMHFHn5V2oQXKGLlmrUK,consumer,(0097) 403-8877,"Gg. Jayawijaya No. 457, Tidore Kepulauan, Jawa Barat 51633"
85,Diah Waskita,112gadinguwais@example.com,$2b$10$xOwDy6Ah80Z7XA.tv2nB0.sqti.zh9EvDLZLiJcUbxLyKMMPM8L8a,consumer,(015) 757 2236,"Gang Jamika No. 97, Padang, AC 05261"
86,Laila Natsir,433vhidayat@example.net,$2b$10$2Gb41AVsVGAVJome7hT7eOP/E1zec6K3EfAnBdkvve65n36xdSUzW,consumer,(0022) 198-0083,"Gg. Suniaraja No. 928, Tangerang Selatan, JT 96000"
87,Cakrabirawa Andriani,23cakrajiyarajata@example.org,$2b$10$Zv56KKpOz08ZwZDvvYYE.OPwQAC8rr.4grUchIuqmzxwNeT6nP9aW,consumer,+62 (959) 555-5868,"Jalan Cikutra Barat No. 022, Sabang, Sulawesi Tengah 31998"
88,Gaman Aryani,515nainggolanicha@example.com,$2b$10$0SJjsHnvOxtasgXkUdPvxudolNh4Vk.e6dJLlNE83ubAlTDft0kk6,consumer,+62 (32) 094-6140,"Jl. PHH. Mustofa No. 60, Tanjungbalai, BA 65266"
89,Ratih Situmorang,419ypuspasari@example.org,$2b$10$WBmV3Vi9gyEFVcpmflR/kOyoa4oB1inyLWxrhwc0q48zLSaAP50v.,consumer,+62 (363) 562-9125,"Jalan Tebet Barat Dalam No. 6, Jambi, NB 77103"
90,Putri Waluyo,928dalimanmansur@example.com,$2b$10$0zd5QzK1QhDIBDvNf9qO7O7XgIGdR7nBUQ/2ekGKE4lJpJAAeSRfq,consumer,+62-048-866-9327,"Gg. Gegerkalong Hilir No. 250, Pematangsiantar, Lampung 84266"
91,Sidiq Irawan,628shutasoit@example.com,$2b$10$NbGsF3L28O7.I2N06j7zROwoNAkn9oUvb6zdakqD6UPTqGr65alz6,consumer,+62 (087) 088-3858,"Gang Rajawali Barat No. 602, Pagaralam, Sumatera Barat 70448"
92,Lalita Fujiati,851wsihombing@example.org,$2b$10$DfoDPvTwTbxdliQiTg9KRud/b6QH5Yq4Amts5ZbmnHDqc1IP/Fn3m,consumer,+62 (40) 505-6360,"Gg. Jend. A. Yani No. 80, Kota Administrasi Jakarta Utara, KB 50591"
93,R.M. Margana Rajasa,341bnatsir@example.com,$2b$10$nfo2A06CJuxGH54WXhqG.e5bLViW6.HWKHIW425cd1pHBkLfcx6AG,consumer,+62 (96) 293-9892,"Gg. Suryakencana No. 7, Sawahlunto, SU 48365"
94,"Harsana Puspasari, S.Gz",989hasan00@example.org,$2b$10$kwaWubFGOSkBPcr5GIyrTOLCLG.iiWH3GRmWETjsukF0yiDNheDr.,consumer,+62 (0443) 982-0042,"Jalan Ir. H. Djuanda No. 45, Kota Administrasi Jakarta Barat, Lampung 52391"
95,Kiandra Maulana,125harjapratama@example.com,$2b$10$SionvNq4pxFNinJwPpUV9O5CFupQuJRM8EDWsmbcV/RHRsMzQc3MO,consumer,088 919 6971,"Jl. Wonoayu No. 3, Payakumbuh, SS 50292"
96,Darmaji Wastuti,440usantoso@example.net,$2b$10$oH2Qi0qGoARjMH.Xd6MzBen7D1QiCiykuAjkHbcswAbG81vfvBZ3.,consumer,+62-0656-966-3331,"Gang Veteran No. 7, Medan, Kalimantan Selatan 32051"
97,Kiandra Permata,720artantotamba@example.org,$2b$10$ROBX4wtjVMvxpqhTdX30W.9LkqDyjrAj37iLg2JVVXsh37/vyv9Ma,consumer,(035) 993-2185,"Jalan Cikapayang No. 212, Tarakan, Jawa Timur 54004"
98,R.A. Vanesa Wacana,889jyuliarti@example.org,$2b$10$4XvRKWMEU2sFjD7k3QmPwuCvRJYdCngau.Jq3Be6VehWVb8StDvdW,consumer,+62 (0644) 990 7119,"Jalan Ciwastra No. 3, Medan, Sulawesi Tenggara 56061"
99,Sabrina Winarno,706siraitcahyanto@example.net,$2b$10$lDBCujfbzwKCmjxM9WCvKOmgW9kR9PgnNVY2HE4D7N1nPIgbCDWNK,consumer,(0982) 460 5459,"Gang Surapati No. 6, Tasikmalaya, KU 08041"
100,dr. Victoria Lestari,497nyuniar@example.org,$2b$10$tzSVLqG9HPvDZgX3gYvJMeGnuaQLexndcarGcsUu42iL.DCef/oFa,consumer,+62 (01) 356 1720,"Gg. Abdul Muis No. 990, Tanjungbalai, Kepulauan Riau 67797"
101,Mursita Kusmawati,127hariyahophelia@example.org,$2b$10$MRgvYPic8mNKvW2JxRgwOee1CPagpFTr/jIlp.5xSJAvbmGLYbb4q,consumer,+62-14-745-1712,"Gg. H.J Maemunah No. 298, Magelang, Aceh 82355"
102,Nasab Suartini,543tirtayasaharyanti@example.com,$2b$10$SDNfTRV0aZHTNotYUt3nLuLSICRpD.oz7/Nz8IVlUc3.zV0x/IjNW,consumer,+62 (0977) 738 3761,"Jalan R.E Martadinata No. 778, Medan, Banten 75401"
103,Ellis Suryono,601queenaryani@example.org,$2b$10$RcYAqvbipUdaQ3MVBsotqenQCNE7kQeJjNd1/1JJv/ry/M0mC1mAe,consumer,(063) 794 3390,"Gang Sentot Alibasa No. 57, Dumai, Jawa Timur 51711"
104,Radit Laksmiwati,670whabibi@example.org,$2b$10$iVAzV3OsWlPhMdz5qW64Qu0xYph/YvwiPYFFDM83GtNWkehvbflfK,consumer,+62 (0862) 043 3116,"Jl. Jend. A. Yani No. 671, Kota Administrasi Jakarta Timur, Bengkulu 14609"
105,Garang Suryatmi,528cahyantozulkarnain@example.net,$2b$10$gOKbTYRnsh2oe1wS6EysZONIOKF.AYoNWJ7UsTEJ7WGR.eCWKvAKa,consumer,+62 (0189) 545-6038,"Jalan Laswi No. 7, Bitung, Sulawesi Tengah 91887"
106,KH. Johan Mandala,28wmegantara@example.net,$2b$10$Q2IOrs0xd8IMHQi7ay9r.Orznw42wety/Ng8tjom87fK7w7iDDecW,consumer,+62-0477-712-1213,"Gang BKR No. 4, Tual, Sulawesi Barat 28076"
107,Cawisono Saefullah,691darmanto49@example.net,$2b$10$lP/VFWOr8x9blvo4Xm/6Ye6xeSkPPLxTcsBJWa9dkEInczp8CU86a,consumer,(0873) 727 5358,"Jl. Gardujati No. 0, Tarakan, KT 63541"
108,H. Mahdi Purwanti,134uadriansyah@example.com,$2b$10$cnoBAq1UoZ0SXoicUZpXz.hNjmyN917UaZhkGkngnMittiqy7CjMC,consumer,+62 (835) 116-8465,"Gang Tubagus Ismail No. 2, Purwokerto, Jawa Barat 89051"
109,Fitriani Maulana,80zaenab94@example.org,$2b$10$Lk2zLy4a7MefkI2IZzOBFuzqG5k37kFMpWDgat4q4cjRc.LmjYSO2,consumer,+62 (887) 453 4221,"Jalan Jend. A. Yani No. 2, Kupang, Jawa Tengah 76173"
110,Dt. Viktor Usamah,200limanpermadi@example.org,$2b$10$nj1km7oC3C79wT/jecnQgub6JoRr1BRGUD.67f0CpWnP0VWr6ed0G,consumer,081 811 8852,"Gg. Kiaracondong No. 6, Pematangsiantar, Papua Barat 83860"
111,"T. Luluh Sinaga, M.M.",954edwarduwais@example.org,$2b$10$bNKbEBClq1z.jN3cwQU10efUiGPn.pYl.TatKp2fOSbqzZ1WDFmxG,consumer,+62 (083) 524-9451,"Jalan Merdeka No. 6, Pontianak, Maluku 21268"
112,Lalita Tamba,487usamahmitra@example.com,$2b$10$vLTaVQEoMnxTqCf1yZ.ThebpXBRNeEYLZR779iDPMVNgCgWE32DO.,consumer,(0033) 009-0516,"Gg. Ahmad Yani No. 122, Tebingtinggi, Maluku 29220"
113,Dr. Ganep Simanjuntak,128wmangunsong@example.com,$2b$10$Nd57QtPZ26tsGfvppK1P.eB4Is/iackeup3R97YeZr2bpmhRNzOJa,consumer,+62 (645) 877 7223,"Gg. Jend. A. Yani No. 3, Medan, MU 26292"
114,drg. Puti Hakim,847kalasimbolon@example.net,$2b$10$IVZ8wn/XDgLoE4dAEc80VOxUBmYuBcImohjTuKVPtqa2uVvhu7H6q,consumer,+62 (0511) 203-6525,"Gang Suniaraja No. 370, Banjarbaru, Papua 29976"
115,Maida Mardhiyah,550darmana99@example.net,$2b$10$lkZhLh2jPQNJLLDqG7uwTO2FJ5eV7oguQVr2W53yIz9Vw5qoFI6w2,consumer,+62 (213) 639 3123,"Jalan Gardujati No. 4, Kota Administrasi Jakarta Pusat, PB 78152"
116,Karja Nasyidah,234citra97@example.com,$2b$10$uP6qGjUHArsuosFZxz8kLezPQ2iZYbCBqcA.8tjssolgQEwIo6lc.,consumer,+62 (077) 187-5896,"Gg. M.T Haryono No. 33, Banjarmasin, Kalimantan Timur 73844"
117,Marsudi Tampubolon,559zlailasari@example.org,$2b$10$vQFuvSHnE2afXT/H2G4gm.Xu9zAvgzTqPssZfuho0oW0AcxoYgjby,consumer,(0316) 451-9097,"Jalan Suryakencana No. 769, Lhokseumawe, Jambi 85139"
118,"Balidin Namaga, M.Pd",286widya92@example.net,$2b$10$mxJid/Qwo1bcDrpEWqmfheJCdOkSJvh6lksGii/g0/a6leST78Iyi,consumer,+62-72-366-2436,"Gg. K.H. Wahid Hasyim No. 98, Palembang, MU 71470"
119,Zulfa Damanik,837lukitaramadan@example.net,$2b$10$3C3ngiwTkjZOhb0qaiCDr.5Vd/7ez5r4wgpelL22CzpR8WTmMLa2y,consumer,+62 (016) 343 2666,"Jl. Rajiman No. 764, Solok, NT 56999"
120,Heru Megantara,898tantri09@example.org,$2b$10$i6EnK15LStcfpK5yDEGA2urnW/rrLJJNtdkErVnS8KCt3RikLGWyS,consumer,+62-43-729-2395,"Gg. Peta No. 1, Madiun, NT 18776"
121,"Drs. Ghaliyati Puspasari, S.Farm",305eriksalahudin@example.com,$2b$10$tHdQjhaX1ukMLBbczN9BOuOJjnPhFyxpBSUYaS9fG2ZbSV9C6yNKi,consumer,+62-0083-186-8583,"Gg. Gegerkalong Hilir No. 572, Gorontalo, BT 80813"
122,"dr. Lintang Suartini, S.Sos",167maryadi63@example.net,$2b$10$0R6nV.r/txCccWpRlXoiyeKdNemu5KHplIeEWgSs3Jh4e5ITpjc.6,consumer,+62 (0545) 281 5406,"Gg. Sadang Serang No. 62, Ambon, Sulawesi Selatan 16199"
123,"Gatra Andriani, S.Pd",985maimunahprakasa@example.org,$2b$10$hC/Q39L59.4Q8DRIOyJ8ReC0JazM.Gb/FNchvnVG3EkKjiO5/QeFW,consumer,083 520 2989,"Jalan Rajawali Timur No. 9, Depok, Papua Barat 90909"
124,Capa Rahimah,889purwadirahimah@example.org,$2b$10$QrXj/S1OcUTOWxs7oF2P1e7foY/Pzfy/U/se9vGERJ3KeUaEnAcIG,consumer,+62-215-774-8710,"Jalan Lembong No. 48, Padang, Jawa Barat 70311"
125,Jais Suryono,49erikhidayanto@example.net,$2b$10$IwM4lZ9AXVpt4GQXuEDDV.iAsbXCWHw/6hw.M1okEvhtPPuMrr2IK,consumer,+62-055-598-6764,"Jalan Pasirkoja No. 912, Pagaralam, Jawa Barat 36195"
126,Garang Tampubolon,758ellapermadi@example.net,$2b$10$FA/3HxphteCSQy..J24LBu2ajFWzHyakfDRNhYa4V2z4t8UQetnCm,consumer,+62-086-064-6583,"Gang Suniaraja No. 25, Metro, Jawa Tengah 70888"
127,Gatot Hastuti,430purnawatinadia@example.net,$2b$10$roIExDcx7VI7fsroCSCWtubODKZLLaiFCmHqXqC9aH8b.5Ah4SvFO,consumer,+62 (125) 361-6359,"Jl. Veteran No. 658, Sawahlunto, JI 88327"
128,Violet Namaga,510jailanitaufik@example.com,$2b$10$zpbrvenRtx4tdwcRyZfmv.65umFOniAmQCW27XkPCaz3/ZZX1XP06,consumer,+62 (0255) 702 0635,"Jalan Cikutra Timur No. 0, Sawahlunto, Lampung 78822"
129,Adika Winarno,332latika83@example.net,$2b$10$TnWQLLyCJp8GueELOWBCluAj0jmwjgW5B3MH4af7vEX5lA9UWH4UG,consumer,(0817) 787-6795,"Jalan Ciumbuleuit No. 0, Bau-Bau, Sulawesi Barat 36291"
130,"Joko Nurdiyanti, M.Kom.",695damaniklanjar@example.net,$2b$10$UFRTY4E3844b7oB95LOHY.NTlGkLd5Lcy1eu/Dewrn1ds0R5GLd4.,consumer,+62 (403) 277 1166,"Gang Kutisari Selatan No. 94, Pagaralam, JB 31173"
131,"Jindra Yulianti, S.Sos",628mustofalanjar@example.com,$2b$10$ut4zmRRm5PL9tdMRQqVotOwSsPaOt2a7nXIt/gDJJG7puDHqeDwlK,consumer,081 522 4414,"Jl. Ahmad Yani No. 60, Cimahi, GO 33540"
132,Najwa Hassanah,431susantikarsa@example.org,$2b$10$2rLJudQthi.pvBwarhyme.JhoAj6CLxuXfWql/tmsskjVUxbTcIpO,consumer,+62 (012) 133 2139,"Gang Siliwangi No. 47, Tual, Sumatera Selatan 90734"
133,Drs. Kasiyah Prabowo,926mahendraokto@example.net,$2b$10$scAVJFroHsdHMjtMGAhsHeF/2gXzEt8x/OxHNSeSml.hKkGAbUTYq,consumer,+62 (0686) 597 3290,"Jalan Kutai No. 24, Sibolga, JA 90329"
134,"drg. Oliva Gunawan, S.Farm",137zmanullang@example.com,$2b$10$uwRIcf/qDnvSd2y7y2tvluqRY/6XsugQnkju7pORHGvVO2CXIYYam,consumer,0875587347,"Gang Jend. A. Yani No. 848, Tual, Sumatera Barat 28585"
135,R. Gina Simbolon,30ivan91@example.com,$2b$10$m5P0ywDyaoFFLFSZfH7pe.VrBJEPN31VTXqJ1hcGC78iU8ON48woy,consumer,0897662247,"Jl. Pelajar Pejuang No. 394, Probolinggo, Sulawesi Selatan 73638"
136,Bajragin Samosir,591kemalkurniawan@example.com,$2b$10$JaDeHAaRWItw07uRFjqnKe42qpZYiqHdr9kFFNKLdtiLwnjxcz9rG,consumer,+62 (0093) 890-5683,"Gg. Dipatiukur No. 681, Tangerang Selatan, Sulawesi Tengah 51701"
137,Gabriella Uwais,500ptamba@example.com,$2b$10$05PGS/4Yqv7uP500XJ7A2O98VD6ytnYj3USDVrP0BnGdtMM2qR7nu,consumer,(0244) 164 1576,"Gang Rawamangun No. 6, Jambi, JA 55741"
138,"Darmana Situmorang, S.E.I",21limanmandala@example.com,$2b$10$58SkERBryodCS4rfLmGkpep0ZWYQt1zyBGx1H9sWaFuaNvKTii98K,consumer,087 886 1558,"Jalan Stasiun Wonokromo No. 5, Sukabumi, NB 15503"
139,Kani Nainggolan,738emong08@example.net,$2b$10$5amPwz55lNbO5a7DOJEsq.pHKdimSOYyXIlDsAr2pTXBHs41BR2/i,consumer,+62-0680-923-1265,"Jalan Siliwangi No. 386, Jambi, NB 67080"
140,"Harsana Lazuardi, M.Farm",292rudi76@example.com,$2b$10$9FWGeShabEy7au/wESnsIe0f5PAu8Hb4HQbL501sFwoNhPmC7djgy,consumer,0869395794,"Gang Raya Setiabudhi No. 14, Bontang, JK 82690"
141,Daniswara Pratiwi,618teddypalastri@example.net,$2b$10$V/KAKsCGpc8TVe8X8oaMPuhEcXGLfXHwoyi9lXEj.qIh24rxinyP2,consumer,(085) 839-3558,"Gang Sukabumi No. 3, Tanjungbalai, Banten 79209"
142,Fitriani Mayasari,34samiahmandala@example.org,$2b$10$mpSOtaL0Dk19xPgF8rCDuu1H1Wob9VUsn53d4Zs7EYWetjI/9DNMO,consumer,+62 (19) 098-3352,"Gg. Erlangga No. 2, Prabumulih, Kalimantan Barat 47821"
143,Tgk. Shania Wacana,245glaksita@example.net,$2b$10$QSfv2hffpymlVhQQ38yZpe0llRXCy89IgDluD06NDQFq/IJV0BvYi,consumer,(006) 916-7664,"Gg. Erlangga No. 531, Bau-Bau, Sulawesi Tenggara 16077"
144,Jayeng Lailasari,907usadarestu@example.net,$2b$10$ad2d.Ab5hB/bEUgYF9MgwOHFXbw8TgcFQsqH.0m3m/H6HhFA0RTPS,consumer,+62 (05) 455 1616,"Jl. Cikutra Timur No. 9, Bontang, KR 19508"
145,Cahyo Kusmawati,958sprasetyo@example.com,$2b$10$7NPwtIaINAFVTJRmsHoY.eb.IwRpAOJyuO7pM9gmoapTvOqD/DxXG,consumer,(0029) 036-6092,"Gg. Astana Anyar No. 0, Serang, SR 33342"
146,Cut Ciaobella Waluyo,79titi43@example.org,$2b$10$kSDz6gKrRGeEiK2sSPy3kuLaYoV.gLNxdMfFW7aNVLN/el56qVlE.,consumer,+62-045-500-9959,"Jl. Kiaracondong No. 745, Medan, NB 67061"
147,Kani Hartati,118situmorangjayadi@example.com,$2b$10$SlH4GMyt7bY0XSDrm/3te.NdDXUGnlpYKzTVkj4P4wEMnY7Ix3cEq,consumer,+62 (962) 243-0054,"Gang Pacuan Kuda No. 19, Sungai Penuh, Aceh 00625"
148,Dr. Unggul Firmansyah,622zmaulana@example.net,$2b$10$FyoKl8e1j/S36FtXO5HQ1OZibQPIUuA8JSZ0K7H.STEXHHZWRh7E2,consumer,+62 (091) 050 2848,"Jalan KH Amin Jasuta No. 743, Bandar Lampung, Nusa Tenggara Barat 02323"
149,Kani Prabowo,123mansurbalapati@example.com,$2b$10$BkSZhjlgWI.P4neF15Q/AOzDRiD0JMmhg1ChlcK2ma0.S68tJt.Ga,consumer,0875618166,"Jalan BKR No. 918, Samarinda, Jambi 33130"
150,Prasetyo Firgantoro,627puspa44@example.com,$2b$10$iQ5fYmFCN/O7a2to8CU/Lu/PFp9MGNtJWT4q9yRYSiB4yOVynDaeK,consumer,(0642) 591 3624,"Jl. Ronggowarsito No. 568, Sawahlunto, KI 00776"
151,Kanda Narpati,793egunarto@example.com,$2b$10$DAvH2SAPzvdO9gdl.5NXmu87TJF.xRa6tj9.9bV2IG0vBpcwmz7g2,consumer,+62 (086) 308-2103,"Gang Pacuan Kuda No. 9, Palopo, LA 92762"
152,"Drs. Nadine Nashiruddin, M.Ak",18kajenmandala@example.org,$2b$10$xvCzeDZqGs8tA2Tf9R3p5eFj7cJYTREpFGAsfAfGhSpm85ZgGZVNW,consumer,(060) 464-0879,"Jl. Tubagus Ismail No. 3, Kota Administrasi Jakarta Pusat, Kalimantan Timur 83245"
153,Wira Irawan,460darmanaanggriawan@example.net,$2b$10$Hiz1NK3yJSGc8zy0hIVqKeJCA/bAiyI00c.WISrTRvV/alBSsdfoy,consumer,(0158) 076 0460,"Jl. Medokan Ayu No. 37, Tanjungbalai, Jambi 24894"
154,Tami Pranowo,31xanggriawan@example.org,$2b$10$ygsWEqXg.nDo8v4ZytCkFuzr3CJ0ikjttoyOhMrVzh6d2F4ZnflPy,consumer,0879268074,"Jalan Sukajadi No. 40, Bukittinggi, KR 61619"
155,"Warsita Prayoga, M.Farm",57wijayanardi@example.com,$2b$10$pAlRzIfIzKDHu64GujR5tesZ3xCshHHe5jFx2fkJU/x9rwwojkgKe,consumer,+62 (633) 687-5767,"Jalan Kebonjati No. 0, Langsa, ST 62700"
156,"Maya Prayoga, S.Farm",675lailasarilabuh@example.com,$2b$10$xRQqaQYuT2Xt3WpCrbJqYevar0GeNKlv2V39c9E2iuSzxRlfAQcY2,consumer,+62 (249) 076 5442,"Gg. Dipenogoro No. 59, Bontang, KI 11635"
157,"Dr. Zizi Thamrin, S.Kom",754vsamosir@example.com,$2b$10$1VG/O6CJq3kj3sRrvgqUkOcMx9/QhSzpbnAQI6If83qWcYpdKec9O,consumer,0856382677,"Jl. Ciwastra No. 81, Sorong, Jawa Barat 52066"
158,Ghani Lazuardi,104jonorahayu@example.net,$2b$10$62BuYdv/fInuycQtjKf26OiHhIW4ZCcmBHeI2cunY1H4aF6MabVom,consumer,(079) 421 4218,"Gg. Ahmad Yani No. 121, Binjai, SG 08055"
159,"Endra Zulkarnain, S.Pd",475olgapratama@example.com,$2b$10$V1.YLGPsEmhe0iXq91Ork.8HLve1qj14clDp8Kn6juu1dYyuj3r8K,consumer,081 127 3489,"Gg. Kutisari Selatan No. 7, Tebingtinggi, GO 74659"
160,Aurora Usada,883viswahyudi@example.com,$2b$10$Vw0QTklhuGeja7X4xNssk.64egCJBx5AWdytISYclgaWG9VGHJwQS,consumer,+62 (0791) 709 5536,"Jalan Peta No. 857, Depok, KU 04615"
161,Waluyo Megantara,13wijayakayla@example.org,$2b$10$03DFP9bQYw7dJuN9Zrk0NOBYT6gErASWSF17bPrCM/JjER2ztSZQi,consumer,+62 (93) 850 1576,"Gang Gardujati No. 852, Makassar, MA 37137"
162,"Dt. Dirja Purnawati, S.Pd",35mtampubolon@example.org,$2b$10$H4A83hamDn58Pk2EZ90l3OqmBd/aPGMgV9BHqyLF.fqm1EpLu8ru6,consumer,084 272 0563,"Gang KH Amin Jasuta No. 0, Parepare, Lampung 36148"
163,Marsudi Mangunsong,984manullangcawuk@example.org,$2b$10$xo.rBSucCHD7hHILazX31OfC3okmRrOLG/uZP4ujYPfEhqhIpcOe2,consumer,+62-115-407-6688,"Jalan H.J Maemunah No. 95, Banjar, SS 54546"
164,Cakrawangsa Zulaika,448harjomarpaung@example.net,$2b$10$vnhuY.pDuXMXrnHGPBSwfev0BykNhZRJzObNjhEXMFNiTL3l.Lnw2,consumer,+62-008-010-3821,"Gang Waringin No. 77, Ambon, SS 87292"
165,"Asirwada Natsir, S.Ked",245uyainahuchita@example.org,$2b$10$/sLSIo2eQah555kAJqnu/uheneb3FrmS/sPW3Vk9vgb5h7VP/HVqS,consumer,0804224430,"Gang BKR No. 2, Sungai Penuh, JB 34097"
166,drg. Kusuma Rahimah,133lamar16@example.net,$2b$10$jhaMRgjb5ori32GJpp4KEOsllST1sFaUPqcrcasRLCBKz/Er7UetG,consumer,+62 (0629) 478-2150,"Gang Kutai No. 6, Bandung, KS 12774"
167,Hesti Yolanda,448ymansur@example.com,$2b$10$AsBqycR2IXHKx1B8UZbpGessDx2jULUDL4rF7j7hnKMtOLsmdF7Um,consumer,+62 (071) 051 4179,"Gg. Soekarno Hatta No. 4, Kediri, KB 78951"
168,Wakiman Simanjuntak,403mansuryuliana@example.net,$2b$10$jzmKjKtfENGOCHHYjkL4wujVVGG1KrcVYS6XOvOM1EbWUSrno85ry,consumer,(0850) 849 8108,"Jl. Ahmad Dahlan No. 2, Blitar, KR 03047"
169,Vanesa Riyanti,78dnatsir@example.org,$2b$10$Rbr2rk9N50HYauLnjtvgSOudZ3kmuUwCmN3VBqG8p3SiEwIZF2EAm,consumer,+62 (43) 497 9267,"Gang Gardujati No. 395, Singkawang, Kepulauan Riau 04455"
170,Hj. Ami Halim,427puspitamaida@example.net,$2b$10$w2845BDP.2Zya8mpuJUFuOQ4oCTopiNlYDCRYDPYj.E.jwPOdwuTy,consumer,+62 (98) 518 1450,"Jl. Moch. Ramdan No. 7, Pontianak, Papua 37024"
171,"Drs. Dasa Laksita, S.Kom",776jinawi15@example.com,$2b$10$NEqDV.a2tpU5UUxTCNOkPugnbUYgkBkgnHlqor9NjsW3FgkdISWNy,consumer,+62 (155) 716-2391,"Gg. Rumah Sakit No. 4, Semarang, SG 87585"
172,Puji Prasetyo,805baktianto08@example.org,$2b$10$nee1ei/1YDyaaSxeN1OVleDk2jVa/aaFSADC0q2BYVTjKicw3Ai8e,consumer,+62 (00) 666-2039,"Jl. Jayawijaya No. 3, Tidore Kepulauan, YO 37093"
173,Eli Narpati,808dabukkegangsa@example.com,$2b$10$2EiqIltoII8zdoF85xdhCuCXjGbAxA895Ypht38vKTx4amKC1HbAG,consumer,0853158485,"Jl. Moch. Toha No. 82, Kotamobagu, Gorontalo 12453"
174,Tgk. Ellis Hutagalung,837endra66@example.com,$2b$10$WloCAi2.EsgYFRJdZoZ7huDR2orbBefRoOBM39.lbp8O.d80ec1A2,consumer,+62-053-008-0658,"Jl. HOS. Cokroaminoto No. 1, Sibolga, PA 51952"
175,Surya Pratiwi,775ihakim@example.com,$2b$10$QAY8PtnvnP2FHP1q2HOeo.TeyNAJZ2Dr7LDwmhIUJvOXwd2Z1jweC,consumer,(097) 151 6577,"Gang Dipenogoro No. 06, Bandung, Banten 84300"
176,Vanesa Utama,437ozyutami@example.net,$2b$10$.9wAFdMXZW5UpvA3Mc/.KOW5LpZrWp0suZVFe3rihvsiJLC3VEl1m,consumer,+62 (059) 309-6005,"Jalan Indragiri No. 5, Sabang, Sumatera Utara 80247"
177,"Cut Kamaria Rahimah, S.Gz",757yosef42@example.org,$2b$10$GC0haNRPetSrvlTcGfgGh.lqb753UwBTSrFlbY40YH33.1CIo6pBm,consumer,084 322 9113,"Gg. W.R. Supratman No. 80, Banjarmasin, SU 36096"
178,Lutfan Hutapea,256setiawangandewa@example.org,$2b$10$PuNYoFDYCd9p9iDQc18LmeJhSSkQt7qAOPSt/Nm3rqdNtpdCSNDXu,consumer,+62 (353) 906-5522,"Gang Surapati No. 29, Pariaman, JK 18596"
179,Asmuni Astuti,775sabrina19@example.org,$2b$10$NpfbaQ1WnCvMPAhh6Cxo2OcFO9AHriLAqKPKb9w6jPTb00i4bvjqG,consumer,+62-02-361-2608,"Gg. Sentot Alibasa No. 80, Tual, NT 37341"
180,Diah Mulyani,683adhiarjakuswandari@example.com,$2b$10$SBnOm1osWx8nACzfWj0b/eChFn3CwlrgeyVmKV59sjKtN4hiffqCq,consumer,0898559585,"Gg. Rajawali Barat No. 79, Ambon, Jambi 88991"
181,"R.A. Eka Hardiansyah, S.Farm",837febi98@example.com,$2b$10$1AN8OxX4AYj191haqkDgbu76p45r3oX6AVqxaU849KTYik9bziID6,consumer,+62 (002) 668-6396,"Jalan Veteran No. 87, Pekanbaru, SB 12476"
182,"Kamal Waskita, S.Pt",328vwaskita@example.org,$2b$10$S07Hhx5j5MBwZV2U97QHDeUeXdSQ9KjHrHnUesYGrBWWxMQ91SelC,consumer,+62 (326) 125 0373,"Jl. Dr. Djunjunan No. 536, Blitar, BA 81592"
183,Estiawan Yuliarti,199pardithamrin@example.org,$2b$10$mwpTWajV7MHoBnm5QHvxs.DZRsxmvpDonuHzcp5duOM/9vLOXC1CS,consumer,+62 (0445) 034-5814,"Gg. Ir. H. Djuanda No. 8, Solok, Kalimantan Tengah 36842"
184,Niyaga Wibowo,674asimbolon@example.org,$2b$10$mg5K0jRtr2X/39qPn/8cX.1RkwD7VIkrxrLPNI0kyWSGBTSLXmrtO,consumer,+62-558-899-6220,"Gang Dr. Djunjunan No. 834, Blitar, BT 09075"
185,"Capa Ramadan, M.Pd",982saefullahkurnia@example.com,$2b$10$4ZECeOX8pUEs6DaRgRYsd.j0UFQVoXCXTGB5ShTZrR87z4CfHcDn6,consumer,+62 (013) 109-2486,"Jl. Dipenogoro No. 8, Tanjungbalai, Sumatera Selatan 35217"
186,"Dt. Mustofa Prakasa, S.Farm",489jwastuti@example.net,$2b$10$4pj/X/2ntFsZuUzNGZtNzuUj9xfx5Jse9Xi8wpwbH1qFYexg28R.m,consumer,+62 (0276) 105-2610,"Gang Stasiun Wonokromo No. 340, Magelang, JT 19261"
187,Slamet Maulana,915nwastuti@example.net,$2b$10$owKKpVby6/mlSVOm5ele0eg0jborhrG031QG3lR7qn8zpJDYM86sC,consumer,+62 (41) 774-8926,"Gang R.E Martadinata No. 8, Padang, SB 72702"
188,"Tgk. Kajen Andriani, S.Pt",442nlazuardi@example.com,$2b$10$Ddf4Dr76zoVPaKKohzHLXee/vGVtFFta0OVnMFGDilRBtM4GOjCq6,consumer,+62 (584) 130 4083,"Jalan Dipatiukur No. 0, Magelang, Sulawesi Tengah 06380"
189,Ifa Astuti,710ntamba@example.org,$2b$10$iJ7oUKD.P4KQRLAn0rreEesL6TbOlYQ9IkcZ6RKcqYVpjzl01tJv6,consumer,+62 (0677) 485-9394,"Gang Setiabudhi No. 500, Balikpapan, Sulawesi Barat 09627"
190,"Rama Prasetya, S.Gz",496wijayakenzie@example.org,$2b$10$S6hxA2nq.3odDR7XASEDWe9mrCP2Z3Fs524naCC0CMclT3//nk68W,consumer,+62 (599) 056 0302,"Gg. Raya Setiabudhi No. 537, Kota Administrasi Jakarta Selatan, SU 37864"
191,Tgk. Sabrina Suryono,327dpermata@example.net,$2b$10$hW9pWLHHUW2.Xrct.QWkN.WupYXHLCvXs7i0hkY4bs0GhnYcmxJc.,consumer,+62 (53) 352-0781,"Gang Raya Ujungberung No. 1, Subulussalam, SU 40856"
192,"Dr. Aris Suartini, S.Pd",916bahuraksa71@example.net,$2b$10$ea5//lBNs85jcRFTMMOqpOHjB10/dikHCIGGX/WMfQMn9wsFz5v0a,consumer,(044) 429 7300,"Jl. Dr. Djunjunan No. 889, Sungai Penuh, Sulawesi Tengah 76608"
193,Maria Mayasari,648rahimahtania@example.net,$2b$10$OzPdo7AXFEeTXzZD7.O3beuoE65KsZUnP9EN64OZX3v92e2uqUTJK,consumer,+62-51-971-4083,"Gg. Ahmad Yani No. 6, Sorong, Maluku Utara 96958"
194,Slamet Najmudin,872rahmat74@example.org,$2b$10$5eMKRMTfqg3uy6CUUl7QU.TYQ7yf5GVV3/O6NFjjnN4Ah5l2WX7WC,consumer,(088) 591 5173,"Jalan Jamika No. 053, Bau-Bau, Kalimantan Tengah 71925"
195,Balapati Pradipta,389yuniarlulut@example.org,$2b$10$at.sGbJmvkPaHlt.GveBV.vPZklQWBVJWnReAB.PcTCPrj5KRMvjK,consumer,(005) 713 0836,"Jl. Cihampelas No. 67, Medan, Sulawesi Tengah 18235"
196,"Cut Paris Puspasari, S.Psi",594lidya96@example.net,$2b$10$hxG1WkFbP0zZDKQkWCmLzOr4UHES.SBoAo41UC7Ujbhdc8LsdoLlq,consumer,+62 (24) 749 3452,"Jl. Tubagus Ismail No. 1, Palu, Sulawesi Selatan 10110"
197,"Gina Wacana, S.IP",156opadmasari@example.com,$2b$10$VbYgz/B5b6A42shaSkwd2e7paPtIAUQAwN.bE6Z/6JUV4d8PF1VLC,consumer,(044) 379-5260,"Gang W.R. Supratman No. 6, Bau-Bau, Maluku Utara 75464"
198,Salsabila Prastuti,344gandihartati@example.net,$2b$10$O4ixPvi928IJunNaG4YfJullOSzAEXvqXB/A5pgHjFmEiElOiajBK,consumer,+62-62-447-3452,"Jl. Pasir Koja No. 0, Kota Administrasi Jakarta Utara, Jawa Timur 70096"
199,"R.M. Daniswara Budiyanto, S.IP",260csafitri@example.com,$2b$10$SmvYtbhhKo7RF9HkR1F/euV6/6LAIqu65KghA4lADIDDq5A8lCbAK,consumer,+62 (0577) 029-1560,"Gang Sadang Serang No. 499, Tanjungbalai, SU 69870"
200,Najib Usada,811yessihardiansyah@example.net,$2b$10$kKYzvb8ew09rYxW.18yCnODeJSwrWSDn4qO2UDDye7WoZTK7riOW6,consumer,+62 (068) 237-6002,"Gang W.R. Supratman No. 3, Padang, Jambi 66826"
